,Thực tế,Dự đoán,MAPE
0,917.3,782.6720000000003,0.14904018598472235
1,51.69,91.89166666666668,1.0666401344299996
2,0.0,0.12733333333333335,0.009095238095238097
3,0.0,0.0,0.0
4,0.0,0.0,0.0
5,0.0,0.0,0.0
6,600.09,531.4223333333333,0.11716232433016553
7,0.0,0.0,0.0
8,881.82,759.3970000000002,0.14106957664031697
9,0.0,0.0,0.0
10,572.19,517.1753333333335,0.09855903306520464
11,0.0,0.0,0.0
12,558.91,414.3793333333333,0.265237684510592
13,12.5,32.84266666666666,13.561777777777772
14,810.46,972.3053333333336,0.2032058525642638
15,0.0,0.0,0.0
16,741.39,872.557,0.18032554750546478
17,0.0,0.0,0.0
18,0.0,0.27299999999999996,0.019499999999999997
19,738.34,905.8046666666667,0.23119621540528842
20,255.51,126.58566666666665,0.5338260665534899
21,918.07,832.373,0.09479022642052053
22,0.0,0.0,0.0
23,0.0,0.0,0.0
24,240.41,211.728,0.12668168367121588
25,0.0,0.0,0.0
26,0.0,0.0,0.0
27,124.82,291.9423333333333,1.508052096492811
28,804.35,856.4406666666666,0.06590835283945923
29,369.7,351.93733333333336,0.04993721300721572
30,603.44,508.6246666666667,0.16085663228374955
31,0.0,0.007000000000000001,0.0005000000000000001
32,862.05,770.0609999999999,0.10847119863215617
33,611.75,618.2713333333334,0.010909800641293784
34,11.02,18.271333333333338,2.433333333333335
35,0.0,0.0,0.0
36,946.39,799.7016666666665,0.15732508213658825
37,12.88,12.301999999999996,0.5160714285714332
38,0.0,0.0,0.0
39,134.71,124.98800000000001,0.0805401375196752
40,0.0,0.0,0.0
41,768.18,754.6513333333332,0.01793824639564389
42,118.61,95.27473333333334,0.2230691775802185
43,45.92,13.789333333333333,1.0065998329156225
44,103.31,49.10433333333333,0.6069383794274624
45,0.0,0.0,0.0
46,0.0,0.0,0.0
47,236.53,311.1836666666667,0.33547686454260855
48,861.91,603.7623333333335,0.3044517303330147
49,511.56,500.59833333333324,0.022030843851327996
50,0.0,0.0,0.0
51,306.35,390.78733333333344,0.2888227581095721
52,0.0,0.0,0.0
53,0.0,0.0,0.0
54,0.0,0.0,0.0
55,0.0,0.0,0.0
56,345.12,282.6386666666666,0.18869694773294696
57,0.0,0.0,0.0
58,294.84,291.0606666666666,0.013457247305702172
59,181.2,159.56033333333332,0.12942384370015952
60,0.0,0.0,0.0
61,68.99,47.536000000000016,0.39014366248408766
62,865.33,809.2276666666668,0.06589963155689717
63,0.0,0.0,0.0
64,0.0,0.0,0.0
65,0.0,0.0,0.0
66,936.4,973.7019999999998,0.04044015611448373
67,0.0,0.0,0.0
68,0.0,0.0,0.0
69,0.0,0.0,0.0
70,0.0,0.0,0.0
71,0.0,0.0,0.0
72,79.69,123.81199999999998,0.6716699649870602
73,0.0,248.97833333333335,17.784166666666668
74,26.8,40.793000000000006,1.0932031250000003
75,198.82,181.40900000000005,0.09420517260036763
76,0.0,0.0,0.0
77,0.0,0.11733333333333333,0.008380952380952381
78,0.0,0.0,0.0
79,0.0,0.0,0.0
80,0.0,0.0,0.0
81,0.0,0.0,0.0
82,9.39,8.025666666666666,0.29595083152566914
83,695.02,724.691,0.04356847082317707
84,30.05,54.91333333333335,1.549117341640707
85,0.0,0.0,0.0
86,0.0,0.0,0.0
87,0.0,0.11066666666666666,0.007904761904761904
88,0.0,0.0,0.0
89,0.0,0.0,0.0
90,343.17,311.6053333333333,0.09589168717278825
91,198.45,246.66200000000006,0.2613824884792631
92,0.0,0.56,0.04
93,725.3,655.4886666666669,0.09814611743755532
94,0.0,0.0,0.0
95,0.0,0.0,0.0
96,867.68,834.0056666666668,0.039446084403210985
97,442.5,384.35333333333324,0.13569817191754202
98,304.02,283.7533333333334,0.06988023814449554
99,750.9,712.137,0.052602795494639754
100,0.0,0.0,0.0
101,0.0,0.0,0.0
102,0.0,0.0,0.0
103,0.0,0.0,0.0
104,165.52,93.38933333333337,0.4760471664906721
105,0.0,0.0,0.0
106,0.0,0.0,0.0
107,0.0,0.0,0.0
108,0.0,0.0,0.0
109,0.0,0.0,0.0
110,575.2,594.9136666666666,0.03512770254217131
111,657.99,715.2113333333332,0.08885438179681855
112,863.16,895.0609999999999,0.037567713976164624
113,833.4,660.8606666666668,0.21056789520787547
114,0.0,0.0,0.0
115,0.0,0.0,0.0
116,235.58,213.6339999999999,0.09904323494900312
117,0.0,0.0,0.0
118,0.0,0.0,0.0
119,216.73,348.82666666666665,0.65158914155116
120,551.84,563.2040000000001,0.02112896028558685
121,105.17,120.09766666666671,0.16373441556067467
122,0.0,0.0,0.0
123,0.0,0.0,0.0
124,434.7,418.1686666666667,0.039294826083511515
125,0.0,0.0,0.0
126,0.0,155.65999999999997,11.118571428571427
127,0.0,0.0,0.0
128,0.0,0.0,0.0
129,147.67,256.8229999999999,0.8165856213062014
130,905.38,653.0423333333334,0.2830865250136491
131,96.98,103.77033333333333,0.0818309632843254
132,582.56,948.4544444444443,0.6435458780857684
133,0.0,0.0,0.0
134,0.0,0.0,0.0
135,0.0,0.0,0.0
136,894.34,674.4313333333337,0.24979969860129764
137,0.0,0.0,0.0
138,570.91,397.6766666666667,0.3110616317418134
139,319.82,429.19066666666663,0.3576308503912976
140,69.97,62.913333333333334,0.1260794473229706
141,828.99,635.1873333333333,0.23779760078855777
142,0.0,0.0,0.0
143,0.0,0.0,0.0
144,24.24,47.60066666666667,2.2813151041666675
145,530.25,519.7776666666667,0.020285391444713353
146,0.0,0.0,0.0
147,6.73,6.099333333333333,0.08674919761577268
148,76.61,93.64219999999999,0.27203641590800176
149,267.0,242.99433333333337,0.09488405797101433
150,115.99,257.01666666666665,1.38274994280485
151,52.32,75.02766666666668,0.5925800278357691
152,54.56,48.75833333333335,0.14303911900065716
153,439.25,444.03833333333336,0.011260043111895015
154,37.7,162.90033333333335,5.282714486638537
155,0.0,0.0,0.0
156,616.0,687.6393333333333,0.11900221483942408
157,713.14,757.2936666666665,0.06315425618140355
158,545.24,783.4093333333333,0.44832718419797696
159,0.0,0.0,0.0
160,0.0,0.0,0.0
161,0.0,0.0,0.0
162,274.77,293.4,0.07144226713195535
163,389.34,508.478,0.31741354505248587
164,0.0,0.0,0.0
165,0.0,0.0,0.0
166,0.0,0.0,0.0
167,492.73,521.5806666666666,0.060265006719166535
168,63.12,63.84866666666667,0.014834419109663459
169,0.0,0.0,0.0
170,0.0,0.0,0.0
171,55.63,64.26033333333334,0.20731043318119943
172,57.66,43.41133333333334,0.3263551687280499
173,102.74,90.13333333333331,0.14206295545037959
174,444.67,487.0596666666667,0.09842725675497875
175,0.0,0.0,0.0
176,929.51,947.0046666666668,0.019109203249190975
177,0.0,0.0,0.0
178,0.0,0.0,0.0
179,212.96,197.74766666666665,0.07645925479158304
180,1043.23,958.8573333333333,0.08197649375423059
181,832.26,741.8100000000001,0.11053943734265384
182,0.0,0.0,0.0
183,200.44,219.15866666666665,0.1004004863047986
184,0.0,0.03233333333333333,0.0023095238095238095
185,0.0,0.0,0.0
186,0.0,0.0,0.0
187,0.0,0.11733333333333333,0.008380952380952381
188,0.0,0.0,0.0
189,0.0,0.0,0.0
190,0.0,0.0,0.0
191,118.43,109.121,0.08914105142200528
192,0.0,0.0,0.0
193,347.73,353.6586666666666,0.017764859816817705
194,0.0,0.0,0.0
195,657.16,704.8989999999999,0.07422569811555432
196,222.25,241.18500000000003,0.0909243697478993
197,22.89,50.08433333333334,3.058980127484065
198,0.0,0.0,0.0
199,0.0,0.0,0.0
200,238.76,411.9353333333333,0.7704900041525774
201,127.98,261.9863333333333,1.1757004152775334
202,970.18,885.409,0.08865590160848372
203,0.0,0.0,0.0
204,0.0,0.0,0.0
205,0.0,0.0,0.0
206,871.04,617.667,0.2956373098105105
207,0.0,0.0,0.0
208,0.0,0.0,0.0
209,371.4,238.77800000000008,0.3710744264129824
210,582.86,724.216,0.24848996238090215
211,0.0,0.0,0.0
212,5.09,27.04566666666667,2.4641601197156757
213,0.0,0.0,0.0
214,370.62,324.9660000000002,0.1280186192585941
215,349.24,521.4446666666665,0.5136757745694622
216,0.0,0.0,0.0
217,1043.44,795.7836666666665,0.24057383949849778
218,0.0,0.11733333333333333,0.008380952380952381
219,0.0,0.0,0.0
220,450.37,674.9706666666667,0.5147023550351003
221,0.0,0.0,0.0
222,50.86,87.35400000000003,0.9900705371676622
223,695.21,652.348,0.06292039165602395
224,0.0,0.0,0.0
225,633.75,720.922,0.1406567164179105
226,0.0,0.25,0.017857142857142856
227,0.0,0.0,0.0
228,331.46,486.2813333333333,0.48768768768768767
229,826.45,734.99,0.11257308142039514
230,0.0,0.0,0.0
231,560.62,557.253666666667,0.006158452550826983
232,0.0,0.0,0.0
233,858.58,868.4259999999998,0.011657865447914674
234,0.0,0.0,0.0
235,602.57,404.0679999999999,0.3372614982075201
236,79.92,86.94233333333334,0.10652811488673143
237,0.0,0.0,0.0
238,0.0,0.0,0.0
239,0.0,0.0,0.0
240,656.29,627.0523333333333,0.04552097443003419
241,376.52,402.83266666666674,0.07258266210599901
242,0.0,0.027666666666666666,0.001976190476190476
243,0.0,0.0,0.0
244,69.49,77.33233333333332,0.1413287679461764
245,333.29,521.314,0.588881581007861
246,0.0,0.19533333333333333,0.013952380952380952
247,588.81,446.608,0.24738957220646815
248,276.41,128.89533333333333,0.5621533732200247
249,0.0,0.0,0.0
250,12.72,2.62,7.890625000000005
251,6.96,8.397333333333334,0.20416666666666677
252,46.05,44.214333333333336,0.057275091003639984
253,915.43,823.9233333333334,0.10151278154339943
254,3.85,12.612333333333336,0.8632840722495897
255,1.47,50.46533333333335,3.9102420856610816
256,6.09,24.094333333333335,2.276148335440371
257,320.12,160.22366666666667,0.5223322008798292
258,429.0,414.4739999999999,0.03500240963855451
259,0.0,0.0,0.0
260,0.0,0.0,0.0
261,0.0,0.0,0.0
262,78.86,69.1766,0.14929694727104542
263,0.0,0.0,0.0
264,0.0,0.0,0.0
265,944.24,875.862333333333,0.07350540362343802
266,0.0,0.0,0.0
267,0.0,34.809,2.4863571428571425
268,322.26,308.537,0.044517615000324445
269,0.0,0.0,0.0
270,0.0,0.0,0.0
271,736.77,493.59700000000004,0.336445895651452
272,2.52,6.982333333333333,0.3887049941927991
273,0.0,0.0,0.0
274,112.35,203.74800000000005,0.9293136756481958
275,0.0,0.0,0.0
276,10.1,17.04333333333333,1.7803418803418793
277,97.53,368.0246666666668,3.238293627040187
278,141.76,140.48633333333336,0.009969213107910364
279,0.0,0.0,0.0
280,0.0,0.0,0.0
281,0.0,0.0,0.0
282,89.83,50.434999999999995,0.519517341421601
283,239.77,164.835,0.3319085795278381
284,0.0,0.0,0.0
285,304.66,325.90033333333326,0.07307621734443417
286,0.0,0.452,0.032285714285714286
287,664.12,737.238,0.1124684673598721
288,460.0,540.8023333333334,0.1811711509715996
289,0.0,0.0,0.0
290,388.13,417.6690000000001,0.07895383957447973
291,0.0,0.0,0.0
292,47.13,197.84566666666672,4.549220243485261
293,361.44,362.6559999999999,0.0034998848722078476
294,387.02,288.24466666666666,0.26479902775543757
295,0.0,0.0,0.0
296,0.0,0.0,0.0
297,3.28,0.0,0.3059701492537313
298,0.0,0.0,0.0
299,0.0,0.0,0.0
300,0.0,0.0,0.0
301,107.83,73.72033333333333,0.3635262353902448
302,807.81,876.6086666666665,0.086668934211797
303,0.0,0.0,0.0
304,15.73,18.909000000000006,1.8375722543352628
305,307.79,467.45233333333334,0.5434573448154577
306,0.0,0.0,0.0
307,595.97,818.6776666666668,0.38267894679565406
308,488.57,468.9040000000001,0.04143961902353685
309,110.4,178.74066666666667,0.7089280774550484
310,0.0,0.06833333333333333,0.004880952380952381
311,0.0,0.0,0.0
312,0.83,0.7483333333333333,0.0062009617818273854
313,637.0,662.5726666666668,0.04104761904761927
314,0.0,0.0,0.0
315,270.08,367.9723333333333,0.38227246693741546
316,0.0,0.0,0.0
317,0.0,0.0,0.0
318,43.86,118.05400000000004,2.484728734092433
319,2.66,0.11299999999999999,0.2246031746031746
320,270.29,354.9166666666667,0.33019886326687214
321,0.0,0.0,0.0
322,0.0,0.0,0.0
323,347.59,582.6033333333334,0.7044975368965898
324,247.86,285.2766666666667,0.15999600900823863
325,617.52,662.1246666666666,0.07390752032520317
326,747.67,531.6713333333332,0.29440847610869564
327,0.0,0.0,0.0
328,652.79,707.2729999999999,0.08529094068473199
329,712.7,712.477,0.00031916416201527124
330,0.0,0.0,0.0
331,0.0,0.0,0.0
332,0.0,0.0,0.0
333,0.0,0.0,0.0
334,220.85,227.251,0.03094512932076389
335,0.0,0.0,0.0
336,0.0,0.0,0.0
337,278.15,302.59433333333334,0.09253959240330632
338,247.83,302.853,0.23531197878800836
339,322.6,436.33366666666643,0.3685472024195282
340,12.39,57.53733333333332,28.041821946169776
341,901.28,784.7003333333331,0.13138994079283525
342,0.0,0.0,0.0
343,0.0,0.0,0.0
344,0.0,0.0,0.0
345,102.79,254.408,1.7076022074557944
346,570.09,549.4966666666666,0.03703237485538937
347,936.22,1021.6946666666668,0.09268359682794423
348,259.2,321.41066666666654,0.2537139749864052
349,751.79,649.2880000000001,0.138931132164979
350,379.56,300.92833333333334,0.21509920852026113
351,428.91,438.0743333333334,0.022087520988487593
352,672.91,687.7526666666665,0.022526091069594575
353,0.0,0.0,0.0
354,858.77,913.762,0.06509700865324285
355,83.02,72.69766666666666,0.1495556843427026
356,730.4,626.8246666666668,0.14457751721570802
357,963.38,839.2796666666666,0.13071724002331356
358,0.0,0.033,0.002357142857142857
359,0.0,0.0,0.0
360,0.0,0.0,0.0
361,181.95,266.07166666666666,0.5008732757765209
362,81.1,81.34066666666666,0.0035866865375062517
363,54.7,105.00966666666662,1.2361097461097448
364,0.0,0.8033333333333335,0.05738095238095239
365,966.88,870.1170000000001,0.10154793888002678
366,0.0,0.0,0.0
367,11.12,18.945666666666664,2.717245370370369
368,0.0,0.0,0.0
369,66.6,61.80133333333334,0.09122940430925201
370,682.0,631.9113333333332,0.07498303393213589
371,0.0,0.0,0.0
372,0.0,0.0,0.0
373,0.0,0.0,0.0
374,0.0,0.0,0.0
375,0.0,0.0,0.0
376,428.5,479.30133333333316,0.12256051467631643
377,0.0,0.0,0.0
378,0.0,0.0,0.0
379,12.44,9.169333333333334,2.096581196581195
380,14.36,16.151333333333337,4.975925925925946
381,0.0,0.0,0.0
382,0.0,0.0,0.0
383,0.0,0.0,0.0
384,0.0,0.0,0.0
385,142.12,98.14433333333335,0.3432381101051097
386,644.45,446.9433333333334,0.3132788748777328
387,0.0,0.0,0.0
388,1003.77,864.1243333333334,0.14108900721042925
389,0.0,0.0,0.0
390,14.16,7.967999999999999,38.699999999999974
391,6.95,6.374,0.08170212765957455
392,147.81,210.7606666666666,0.4704481478713593
393,106.11,76.30000000000001,0.32363478449679717
394,9.92,4.348333333333333,1.3656045751633987
395,100.15,101.299,0.013337202553685442
396,300.93,264.44933333333336,0.12714134690226414
397,0.0,0.0,0.0
398,131.43,152.215,0.1769990632717363
399,285.95,282.2460000000001,0.013620150763007518
400,30.43,44.920666666666655,0.881963887198214
401,0.0,0.0,0.0
402,0.0,0.0,0.0
403,0.0,0.0,0.0
404,0.0,0.0,0.0
405,0.0,0.0,0.0
406,47.99,31.771999999999984,0.47714033539276307
407,946.74,871.3313333333334,0.0808463952083824
408,0.0,0.0,0.0
409,0.0,0.0,0.0
410,575.39,433.9206666666667,0.25199831370942355
411,612.92,634.7813333333336,0.03650125781963137
412,770.41,629.8196666666666,0.18586524944584726
413,0.0,0.0,0.0
414,0.0,0.0,0.0
415,0.0,0.0,0.0
416,0.44,0.5523333333333333,0.00828416912487709
417,28.13,48.73366666666667,1.4581505071950938
418,765.06,790.412,0.033754959657018205
419,1.47,3.7663333333333338,0.18326682628358612
420,527.69,475.56666666666666,0.10146846022568745
421,0.0,0.0,0.0
422,20.42,75.45133333333334,8.57185877466251
423,267.85,302.747,0.1374709474098877
424,211.51,183.62533333333332,0.14118103724705927
425,0.0,0.0,0.0
426,0.0,0.0,0.0
427,0.0,0.0,0.0
428,0.0,0.0,0.0
429,0.0,0.0,0.0
430,0.0,0.0,0.0
431,0.0,0.0,0.0
432,173.61,206.29333333333335,0.20476996011110415
433,0.0,0.0,0.0
434,6.22,2.519666666666667,0.4756212510711224
435,485.66,592.8306666666668,0.22722017272328968
436,0.0,0.0,0.0
437,0.0,0.0,0.0
438,6.8,20.703999999999997,1.9311111111111106
439,9.78,8.081333333333335,0.40252764612954123
440,0.0,0.0,0.0
441,0.0,0.0,0.0
442,0.0,0.0,0.0
443,485.14,484.71359999999993,0.0009050388419579273
444,0.0,0.0,0.0
445,85.9,177.36566666666667,1.2721233194251274
446,116.67,68.83566666666668,0.46590370442518086
447,428.0,325.31133333333327,0.24804025764895346
448,0.0,0.0,0.0
449,331.57,211.98733333333334,0.3765553001438003
450,0.0,0.0,0.0
451,0.0,0.0,0.0
452,0.0,0.0,0.0
453,85.08,114.68900000000002,0.41655880697805325
454,0.0,0.0,0.0
455,911.94,888.5986666666666,0.025994312908806164
456,795.0,718.7636666666665,0.0976137430644475
457,5.09,0.4026666666666667,0.526075570520015
458,761.67,856.5850000000003,0.12694771757593631
459,677.1,595.5350000000001,0.12300557985220922
460,0.0,0.0,0.0
461,0.0,0.0,0.0
462,798.98,819.9993333333332,0.026776903020883563
463,716.76,724.0376666666668,0.010355835088318695
464,477.66,444.671,0.07114911788810774
465,0.0,0.0,0.0
466,712.61,609.9006666666666,0.14701955788398885
467,0.0,0.0,0.0
468,0.0,0.0,0.0
469,4.42,6.713000000000002,0.2393528183716077
470,545.01,534.6129999999999,0.01957966893278855
471,468.29,328.2823333333334,0.3081900694857176
472,62.11,107.96933333333337,0.9532183191297727
473,72.44,84.04900000000002,0.19864818617385394
474,904.42,942.8800000000002,0.04319309988544762
475,126.26,116.06166666666668,0.09084565591780976
476,0.0,0.0,0.0
477,0.0,0.0,0.0
478,693.09,645.2913333333332,0.07038635036102255
479,37.02,45.635666666666665,0.37426875181002006
480,0.0,0.0,0.0
481,0.0,0.0,0.0
482,0.0,0.0,0.0
483,464.49,499.7783333333333,0.0783332223430782
484,0.0,0.0,0.0
485,246.43,302.2953333333334,0.24035336803912322
486,0.0,0.0,0.0
487,881.2,899.1483333333332,0.02069687884378823
488,540.91,769.2046666666666,0.4332707040418035
489,714.28,616.59,0.1395013423202147
490,0.0,0.0,0.0
491,0.0,1.8353333333333337,0.13109523809523813
492,841.68,734.6133333333332,0.12935756169856313
493,333.42,392.79799999999994,0.18589318139127145
494,0.0,0.0,0.0
495,0.0,0.0,0.0
496,340.52,441.335,0.3087559720690923
497,124.41,191.64366666666666,0.608945445762763
498,0.0,0.0,0.0
499,0.0,0.0,0.0
500,0.0,0.0,0.0
501,0.0,0.0,0.0
502,0.0,0.0,0.0
503,0.0,0.0,0.0
504,0.0,0.0,0.0
505,0.0,0.0,0.0
506,0.0,0.0,0.0
507,298.57,309.681,0.03904487472326665
508,572.63,589.8576666666667,0.030839136220157645
509,158.5,220.26533333333336,0.4274417531718572
510,768.44,639.864,0.17042574624887336
511,64.85,47.28133333333334,0.3454998361193049
512,0.0,0.0,0.0
513,790.45,729.6303333333333,0.07833043552922501
514,0.0,0.0,0.0
515,140.72,176.015,0.27852746212121204
516,0.0,0.0,0.0
517,0.0,0.0,0.0
518,0.0,0.0,0.0
519,254.0,335.85799999999995,0.3410749999999998
520,742.83,779.8993333333333,0.050861426304259216
521,0.0,0.0,0.0
522,42.81,40.91033333333334,0.06593775309498998
523,497.37,448.1593333333333,0.10180744909006915
524,2.24,1.2956666666666665,0.08030045351473926
525,9.79,19.832,2.385273159144893
526,0.0,0.0,0.0
527,242.7,269.128,0.11555749890686488
528,780.78,750.7139999999999,0.03921072537103215
529,0.0,0.0,0.0
530,359.62,297.5033333333333,0.17972532453754625
531,730.45,707.0400000000002,0.03267499476585924
532,352.11,374.9016666666667,0.06740902861987721
533,0.0,0.9676666666666668,0.06911904761904762
534,50.39,161.43166666666667,3.0514335440139235
535,0.0,0.0,0.0
536,795.24,672.0343333333332,0.15770527196081466
537,536.9,499.4425666666667,0.07163402817619671
538,585.39,543.6709999999998,0.07301317838954158
539,54.24,99.99266666666668,1.136994698475812
540,480.0,432.38966666666664,0.10216809728183124
541,260.71,480.00033333333334,0.8888587140097012
542,129.65,65.75333333333332,0.5525003602824616
543,514.05,564.3793333333334,0.1006486018064863
544,0.0,0.0,0.0
545,743.88,732.4673333333334,0.015636360314937536
546,249.24,253.07166666666666,0.016288329649152562
547,883.63,840.7700000000002,0.04928532824304565
548,778.95,806.1709999999999,0.035585332374664866
549,60.51,60.82766666666667,0.006830072385867013
550,630.0,569.0996666666667,0.09886417748917738
551,252.45,329.98300000000006,0.32515412036066293
552,0.0,0.0,0.0
553,0.0,0.7759999999999999,0.055428571428571424
554,0.0,0.0,0.0
555,0.0,0.0,0.0
556,685.11,708.734,0.03520138278374636
557,31.96,36.726333333333336,0.26538604305864893
558,0.0,0.0,0.0
559,662.15,660.9323333333334,0.001878680346627416
560,296.68,306.72700000000003,0.035541955568133665
561,0.0,0.0,0.0
562,13.0,7.675333333333332,5.324666666666668
563,264.4,288.0496666666666,0.09444755058572937
564,32.22,55.275,1.2653677277716795
565,0.0,0.0,0.0
566,412.91,572.0516666666667,0.398941281659188
567,10.74,27.09533333333333,5.016973415132923
568,541.37,320.49166666666673,0.41882991700956307
569,392.55,378.326,0.03757495707304184
570,0.0,0.0,0.0
571,0.0,0.0,0.0
572,0.0,0.0,0.0
573,573.52,482.1119999999999,0.16336860165856462
574,0.0,0.0,0.0
575,0.0,0.0,0.0
576,504.1,527.9766666666666,0.04871794871794848
577,0.0,0.0,0.0
578,0.0,0.0,0.0
579,149.34,109.65366666666667,0.29323432343234324
580,67.45,65.52233333333334,0.03606485812285626
581,215.12,196.9953333333333,0.09011866878812008
582,0.0,0.0,0.0
583,0.0,0.0,0.0
584,80.92,30.531000000000002,0.752973699940227
585,0.0,0.0,0.0
586,0.0,0.0,0.0
587,14.74,8.652999999999999,8.225675675675676
588,516.39,654.5893333333332,0.27508376626392494
589,734.69,524.1436666666667,0.2921454902015198
590,953.08,997.0543333333334,0.046827036390225896
591,0.0,0.0,0.0
592,1.98,8.360666666666669,0.5308374930671105
593,5.92,4.911666666666665,0.12479372937293745
594,0.0,0.0,0.0
595,958.51,943.3953333333334,0.016002653933432795
596,0.0,0.0,0.0
597,338.06,211.42500000000007,0.3907763994322037
598,0.0,0.0,0.0
599,0.0,0.0,0.0
600,0.0,0.0,0.0
601,163.34,232.81799999999993,0.4652336949243332
602,0.0,0.0,0.0
603,0.0,0.0,0.0
604,77.74,126.43233333333329,0.7639211379562801
605,35.29,87.21733333333331,2.4390480663848435
606,0.0,0.0,0.0
607,71.73,41.292666666666676,0.5272359836018244
608,0.0,0.0,0.0
609,0.0,0.0,0.0
610,0.0,0.0,0.0
611,0.0,0.0,0.0
612,0.0,0.0,0.0
613,904.38,783.6703333333334,0.13557095472345138
614,0.0,0.0,0.0
615,282.02,226.6413333333333,0.20662139641320304
616,0.0,0.0,0.0
617,850.67,834.9066666666665,0.018840562388197778
618,0.0,0.0,0.0
619,906.03,734.8336666666665,0.1919176858775304
620,224.58,215.02700000000002,0.04536518187862094
621,0.0,0.0,0.0
622,0.0,0.0,0.0
623,0.0,0.0,0.0
624,0.0,0.0,0.0
625,0.0,0.0,0.0
626,72.54,111.92433333333332,0.6727764491515769
627,51.51,40.653333333333336,0.2894339287301163
628,0.0,0.0,0.0
629,545.7,442.77233333333345,0.19358222055043556
630,0.0,0.0,0.0
631,0.0,0.0,0.0
632,0.0,0.0,0.0
633,944.13,707.0193333333332,0.25492207182508553
634,0.0,0.042,0.003
635,174.77,108.56166666666668,0.41182019862743874
636,669.83,584.6283333333334,0.12991425623510147
637,0.0,0.07933333333333333,0.005666666666666666
638,395.28,378.813,0.04318873268988666
639,210.92,261.80300000000005,0.258394271785497
640,0.0,0.0,0.0
641,320.43,481.63133333333343,0.5260625047591079
642,427.03,484.5486666666667,0.139260263580531
643,56.18,116.47766666666666,1.42953216374269
644,234.83,606.9913333333334,1.6852843061782063
645,939.32,872.4063333333332,0.07231408233548049
646,0.0,0.0,0.0
647,16.2,22.653,2.933181818181819
648,0.0,0.0,0.0
649,0.0,0.0,0.0
650,0.0,0.0,0.0
651,0.86,0.19866666666666666,0.05032978183663115
652,39.98,32.945333333333345,0.2707723890171922
653,0.0,0.03233333333333333,0.0023095238095238095
654,420.38,224.0533333333333,0.4831110454910839
655,272.58,181.64533333333335,0.3516693737592491
656,0.0,0.0,0.0
657,963.53,801.8659999999998,0.1702568639221512
658,0.0,0.09899999999999999,0.0070714285714285705
659,0.0,0.0,0.0
660,552.4,407.7676666666667,0.26863360574541845
661,704.79,711.3740000000001,0.009531116547720977
662,468.69,515.9569999999998,0.10395434251907842
663,0.0,0.0,0.0
664,86.54,91.47233333333337,0.06799466960757321
665,520.0,521.1346666666666,0.00224242424242409
666,0.0,0.0,0.0
667,220.7,285.55866666666674,0.3137816481212712
668,796.01,754.2213333333332,0.05343750932426288
669,0.0,0.0,0.0
670,815.61,623.6689999999999,0.2394443682089796
671,323.76,288.01699999999994,0.11538933367768613
672,670.37,658.9910000000002,0.017336258512728783
673,486.73,463.19266666666664,0.04979022556921155
674,0.0,0.0,0.0
675,0.0,0.0,0.0
676,190.54,107.49700000000001,0.47039197915486564
677,866.38,892.7466666666668,0.030932995455860986
678,434.61,568.2933333333333,0.3178320375961895
679,0.0,0.0,0.0
680,786.46,686.611,0.129261062061466
681,0.0,4.7426666666666675,0.3387619047619048
682,209.32,454.56099999999986,1.255585705508908
683,895.8,883.7166666666669,0.01370303167762875
684,287.36,271.23400000000004,0.05899180567749479
685,36.4,59.12199999999999,1.0143749999999998
686,533.27,471.9749333333333,0.11804083938349354
687,78.26,162.9123333333333,1.3173410104782646
688,0.0,0.0,0.0
689,0.0,0.0,0.0
690,813.67,814.5093333333333,0.0010495996265126152
691,0.0,0.0,0.0
692,0.0,0.0,0.0
693,502.45,714.9206666666666,0.4349895929300167
694,0.0,0.0,0.0
695,289.92,251.359,0.1397542766019136
696,0.0,0.0,0.0
697,0.0,0.0,0.0
698,673.87,398.72866666666664,0.41696293714418503
699,489.42,517.6016666666666,0.059277410850756294
700,719.89,760.2890000000001,0.057231296660953
701,0.0,0.0,0.0
702,819.55,764.4309999999999,0.06842405809695243
703,0.0,0.0,0.0
704,1.94,6.500999999999999,0.3781923714759534
705,646.97,616.427,0.048253471728517947
706,804.54,614.9703333333334,0.2397976910297601
707,661.11,845.2526666666666,0.28456161497530036
708,977.24,939.1286666666668,0.03956577107816656
709,0.0,0.0,0.0
710,968.03,864.2766666666668,0.10875269470911106
711,181.19,138.127,0.2575692326096058
712,28.09,42.14033333333334,0.9971847646084697
713,195.79,201.73733333333337,0.03271540422098782
714,15.58,15.971333333333332,0.24767932489451389
715,626.5,462.74166666666673,0.26736054421768696
716,591.76,756.7043333333335,0.28548936121111446
717,21.46,39.293000000000006,2.390482573726542
718,645.14,744.1183333333333,0.1568246876023281
719,820.14,682.8196666666665,0.17034303388162533
720,0.0,0.0,0.0
721,598.28,708.2623333333332,0.1882356632664703
722,0.0,0.0,0.0
723,523.0,568.5113333333334,0.08941322855271781
724,0.0,0.0,0.0
725,0.0,0.0,0.0
726,0.99,0.2793333333333333,0.054624647706892134
727,203.1,415.46266666666673,1.1230178036312362
728,362.75,493.0950000000002,0.37374910394265287
729,0.0,0.0,0.0
730,523.0,434.3813333333332,0.17410347085789155
731,0.0,0.009333333333333334,0.0006666666666666668
732,312.07,301.6306666666667,0.03502309300947197
733,0.0,0.0,0.0
734,0.0,0.0,0.0
735,0.0,0.0,0.0
736,741.09,634.0303333333334,0.14724403673089528
737,279.18,318.4283333333333,0.1480063855997182
738,0.0,0.0,0.0
739,0.0,0.0,0.0
740,0.0,0.0,0.0
741,131.55,168.631,0.3154487452148021
742,0.0,0.0,0.0
743,389.78,502.89966666666663,0.30102630972022637
744,0.0,0.0,0.0
745,773.27,625.1353333333332,0.19510143515042977
746,730.11,842.2516666666667,0.1565983810680854
747,0.0,0.0,0.0
748,543.04,538.5616666666666,0.008465018398104781
749,0.0,0.0,0.0
750,354.51,428.25166666666667,0.21656241128503326
751,403.04,562.5453333333332,0.4099972582082388
752,0.0,0.0,0.0
753,0.0,0.0,0.0
754,977.53,866.6010000000002,0.11512770749224181
755,4.81,7.579333333333334,0.30134203844758806
756,40.08,65.82766666666667,0.987257157464213
757,0.0,0.0,0.0
758,325.93,295.1470000000001,0.09868560253903087
759,0.0,0.0,0.0
760,0.0,0.0,0.0
761,43.62,37.42033333333334,0.20930677470177783
762,117.54,119.28333333333332,0.016837293155624017
763,0.0,0.0,0.0
764,649.06,715.6586666666666,0.10486988106110706
765,0.0,0.0,0.0
766,50.52,33.74099999999999,0.4594468784227823
767,0.67,2.098333333333333,0.10715178794698674
768,903.34,757.8256666666665,0.16362058755181766
769,90.66,49.00733333333334,0.5433428993825549
770,750.0,756.5853333333331,0.00894746376811562
771,0.0,0.0,0.0
772,881.44,838.756,0.04920686156967638
773,0.0,0.0,0.0
774,38.94,29.421,0.3816760224538893
775,0.0,0.0,0.0
776,0.0,0.0,0.0
777,298.63,224.47899999999993,0.2605171626321894
778,0.0,0.0,0.0
779,0.0,0.0,0.0
780,0.0,0.0,0.0
781,0.0,0.0,0.0
782,0.0,0.0,0.0
783,0.0,0.0,0.0
784,647.37,708.9116666666669,0.0971654272647376
785,0.0,0.6833333333333335,0.048809523809523817
786,0.0,0.0,0.0
787,110.88,65.76899999999998,0.4656379025598681
788,0.0,0.0,0.0
789,0.0,0.0,0.0
790,0.0,0.0,0.0
791,0.0,0.0,0.0
792,0.0,0.0,0.0
793,39.34,111.43466666666663,2.84509339647461
794,0.0,0.0,0.0
795,0.0,0.0,0.0
796,77.05,135.87866666666665,0.933047845625165
797,780.37,794.2473333333332,0.018107876526133906
798,37.37,37.98133333333333,0.026158893167879095
799,38.45,40.76166666666667,0.09454669393319702
800,843.2,740.1963333333332,0.12422053384788571
801,160.84,154.14999999999998,0.045559792971942424
802,0.0,0.0,0.0
803,86.47,110.87333333333332,0.336737040614507
804,597.72,737.6086666666667,0.2396502889513238
805,0.0,0.033,0.002357142857142857
806,902.34,894.9150000000003,0.008358286241753976
807,0.0,0.0,0.0
808,224.16,262.27833333333336,0.18137768049739897
809,0.0,0.0,0.0
810,0.0,0.0,0.0
811,715.07,645.083,0.09982883306945109
812,785.2,803.8940000000001,0.02424014522821586
813,89.15,216.16233333333335,1.6901175426923931
814,630.43,760.9033333333332,0.21165960990434154
815,0.0,0.0,0.0
816,0.0,0.0,0.0
817,380.28,365.58399999999995,0.04012231080048058
818,917.44,941.0339999999997,0.026115735411316298
819,0.0,0.0,0.0
820,0.0,0.0,0.0
821,15.21,83.30933333333333,56.280440771349824
822,0.0,0.16366666666666668,0.011690476190476192
823,0.0,0.0,0.0
824,0.0,0.0,0.0
825,0.0,0.0,0.0
826,171.91,337.458,1.0483693242986514
827,668.51,511.27799999999996,0.24022856793631883
828,0.0,0.0,0.0
829,0.0,0.0,0.0
830,712.15,778.5840000000002,0.09515720117453298
831,0.0,0.0,0.0
832,0.0,0.0,0.0
833,356.49,202.75266666666673,0.4488812325420692
834,725.41,766.2996666666667,0.057476935475557975
835,18.37,13.711666666666668,1.0659801678108312
836,372.72,512.0676666666667,0.38845803597977996
837,428.32,154.78466666666665,0.6602030636545022
838,0.0,0.0,0.0
839,245.42,197.4993333333333,0.20707227839714235
840,0.0,0.0,0.0
841,98.35,118.30466666666668,0.23656984785615512
842,151.13,182.98499999999999,0.2322978195872529
843,0.0,0.0,0.0
844,68.7,45.09833333333334,0.4314747105423521
845,275.93,259.30566666666664,0.06346861120655659
846,13.98,10.283666666666669,184.81666666667053
847,356.37,496.986,0.41071355551012056
848,0.0,0.0,0.0
849,968.25,812.4366666666668,0.163283556021308
850,696.14,618.6866666666666,0.11354462915726006
851,0.0,0.0,0.0
852,448.86,360.65666666666664,0.20283156264851532
853,686.39,592.3163333333334,0.13990937798995606
854,0.0,0.0,0.0
855,0.0,0.0,0.0
856,0.0,0.0,0.0
857,973.09,795.3463333333334,0.18532532574280478
858,42.05,48.128,0.21668449197860976
859,540.88,779.8656666666668,0.4535865219151739
860,0.0,3.4873333333333325,0.24909523809523804
861,560.32,546.2839999999999,0.025691902181871742
862,0.0,0.0,0.0
863,0.0,0.0,0.0
864,0.0,0.0,0.0
